{"cameraMode":{"drawMode":0,"name":"Shaded","section":"Shading Mode"},"sceneLighting":true,"audioPlay":false,"sceneViewState":{"showFog":true,"showMaterialUpdate":true,"showSkybox":true,"showFlares":true,"showImageEffects":true,"showParticleSystems":true},"in2DMode":false,"pivot":{"x":-0.5336418151855469,"y":7.65522575378418,"z":0.25249576568603518},"rotation":{"x":0.30194759368896487,"y":-0.3004480004310608,"z":0.10090093314647675,"w":0.8990985155105591},"size":8.23093318939209,"orthographic":false}